{
  "generated_at": "2026-04-16T07:38:45.160976+00:00",
  "python_version": "3.13.5 (main, Jun 11 2025, 15:36:57) [Clang 17.0.0 (clang-1700.0.13.3)]",
  "platform": "macOS-26.3.1-arm64-arm-64bit-Mach-O",
  "torch_version": "2.11.0",
  "device": "mps",
  "training_config": {
    "corpus_path": "/Users/rowan_williams/Documents/Programming/Lichess-ELO-Predictor/data/rapid_2026-03_sparse_snapshot_200000",
    "checkpoint_dir": "/Users/rowan_williams/Documents/Programming/Lichess-ELO-Predictor/artifacts/rating_band_training",
    "graphics_dir": "/Users/rowan_williams/Documents/Programming/Lichess-ELO-Predictor/report/assets",
    "report_path": "/Users/rowan_williams/Documents/Programming/Lichess-ELO-Predictor/report/rapid_sparse_rating_band_training_report.md",
    "epochs": 20,
    "patience": 4,
    "learning_rate": 0.001,
    "weight_decay": 0.0001,
    "batch_size_accelerator": 128,
    "batch_size_cpu": 64,
    "gradient_clip_norm": 1.0,
    "regression_loss_weight": 0.25,
    "normalized_ply_buckets": 32,
    "snapshot_embedding_dim": 128,
    "hidden_size": 128,
    "seed": 20260416,
    "class_weight_clip_min": 0.25,
    "class_weight_clip_max": 4.0
  },
  "rating_bands": {
    "band_width": 200,
    "lower_bound": 400,
    "upper_bound": 3200,
    "class_count": 16,
    "labels": [
      "<400",
      "400-599",
      "600-799",
      "800-999",
      "1000-1199",
      "1200-1399",
      "1400-1599",
      "1600-1799",
      "1800-1999",
      "2000-2199",
      "2200-2399",
      "2400-2599",
      "2600-2799",
      "2800-2999",
      "3000-3199",
      ">=3200"
    ],
    "centers": [
      300.0,
      500.0,
      700.0,
      900.0,
      1100.0,
      1300.0,
      1500.0,
      1700.0,
      1900.0,
      2100.0,
      2300.0,
      2500.0,
      2700.0,
      2900.0,
      3100.0,
      3300.0
    ]
  },
  "class_weights": [
    4.0,
    4.0,
    1.7909801006317139,
    0.7415875792503357,
    0.4778600037097931,
    0.3708556592464447,
    0.3182564973831177,
    0.33813273906707764,
    0.48376649618148804,
    1.261344313621521,
    4.0,
    4.0,
    4.0,
    4.0,
    4.0,
    4.0
  ],
  "elo_mean": 1456.30908203125,
  "elo_std": 373.66064453125,
  "corpus_path": "/Users/rowan_williams/Documents/Programming/Lichess-ELO-Predictor/data/rapid_2026-03_sparse_snapshot_200000"
}
